{
    "metadata": {
        "dataset_name": "Weak Turbulence",
        "dataset_file": "lin_wan5_weak_turb_samps.mat",
        "sampling_frequency_Hz": 10000.0,
        "taps_n": 10,
        "n_train": 100000,
        "use_differential": true,
        "latency_samples": [
            1,
            5,
            10,
            15,
            20,
            25,
            30,
            35,
            40,
            50,
            100,
            150
        ]
    },
    "results_by_latency": {
        "1": {
            "rmse": {
                "lms": 0.05502609194776448,
                "lr": 0.017627470204161753,
                "rf": 0.01886965130289507,
                "xgb": 0.017726696456279847,
                "cb": 0.01761265219037793,
                "zoh": 0.056019998883215585
            },
            "rytov_variance": {
                "lms": 0.00015243679285028666,
                "lr": 1.754975318887879e-05,
                "rf": 2.174469828584841e-05,
                "xgb": 1.965722441652467e-05,
                "cb": 1.6710996627599493e-05,
                "zoh": 0.00014389210939386572,
                "input": 0.057431671142578064
            }
        },
        "5": {
            "rmse": {
                "lms": 0.25932133412963787,
                "lr": 0.06796163141166903,
                "rf": 0.07269717959270927,
                "xgb": 0.06868156281291976,
                "cb": 0.06776870843820841,
                "zoh": 0.26345899987123955
            },
            "rytov_variance": {
                "lms": 0.0030567742586133863,
                "lr": 0.0002032118439672301,
                "rf": 0.0002685130238530945,
                "xgb": 0.00023026347160318595,
                "cb": 0.00023088109493234858,
                "zoh": 0.0033694384694097435,
                "input": 0.05727039480209345
            }
        },
        "10": {
            "rmse": {
                "lms": 0.5047860712925093,
                "lr": 0.20064654217355488,
                "rf": 0.21171254542682377,
                "xgb": 0.20053849758835932,
                "cb": 0.19854464909882058,
                "zoh": 0.5102151501929266
            },
            "rytov_variance": {
                "lms": 0.011164084732532324,
                "lr": 0.0017486059665677896,
                "rf": 0.0021642341017721056,
                "xgb": 0.0017867150306699626,
                "cb": 0.0018213471770284523,
                "zoh": 0.01177940303087217,
                "input": 0.05757321357727045
            }
        },
        "15": {
            "rmse": {
                "lms": 0.7247688218954023,
                "lr": 0.38775645533590947,
                "rf": 0.40760093694768135,
                "xgb": 0.3863989192557999,
                "cb": 0.382337992466929,
                "zoh": 0.7294952001341098
            },
            "rytov_variance": {
                "lms": 0.02307759088277802,
                "lr": 0.006397913694381522,
                "rf": 0.007712314486503414,
                "xgb": 0.006668221712112237,
                "cb": 0.006686012208461572,
                "zoh": 0.02304386353492723,
                "input": 0.06165682464838025
            }
        },
        "20": {
            "rmse": {
                "lms": 0.9118599807476871,
                "lr": 0.5960056687790894,
                "rf": 0.626192085190068,
                "xgb": 0.5931360284938129,
                "cb": 0.5879619965105863,
                "zoh": 0.9151303824612431
            },
            "rytov_variance": {
                "lms": 0.03570180702209461,
                "lr": 0.015321253001689746,
                "rf": 0.018150003492832027,
                "xgb": 0.01570850569009764,
                "cb": 0.015168522953986954,
                "zoh": 0.03643689346313467,
                "input": 0.057768005847930855
            }
        },
        "25": {
            "rmse": {
                "lms": 1.0636993385604105,
                "lr": 0.7946684125111761,
                "rf": 0.834909572255013,
                "xgb": 0.7907030105884352,
                "cb": 0.7852480110986162,
                "zoh": 1.0656502971250643
            },
            "rytov_variance": {
                "lms": 0.04893331372737876,
                "lr": 0.027208481431007257,
                "rf": 0.032494177222251765,
                "xgb": 0.028012651920318467,
                "cb": 0.027108745574951035,
                "zoh": 0.05013796228170388,
                "input": 0.057264293193817074
            }
        },
        "30": {
            "rmse": {
                "lms": 1.18224410037636,
                "lr": 0.9645248588312018,
                "rf": 1.0135965991149984,
                "xgb": 0.9598367112500187,
                "cb": 0.9536306128445513,
                "zoh": 1.1833497695464974
            },
            "rytov_variance": {
                "lms": 0.06124972099065776,
                "lr": 0.04001866745948782,
                "rf": 0.04774692058563224,
                "xgb": 0.040806898236274626,
                "cb": 0.0419431595802306,
                "zoh": 0.06100208091735835,
                "input": 0.0572702310085296
            }
        },
        "35": {
            "rmse": {
                "lms": 1.2722275425160665,
                "lr": 1.0983911564128286,
                "rf": 1.1515920306583032,
                "xgb": 1.0911283478302798,
                "cb": 1.0856132830909961,
                "zoh": 1.272925759439763
            },
            "rytov_variance": {
                "lms": 0.07063563537597656,
                "lr": 0.053155223488807614,
                "rf": 0.0619046477079391,
                "xgb": 0.05309567546844476,
                "cb": 0.052523017883300716,
                "zoh": 0.07122632110118865,
                "input": 0.058733336925506544
            }
        },
        "40": {
            "rmse": {
                "lms": 1.3395607938845422,
                "lr": 1.197757285947727,
                "rf": 1.2530168641896318,
                "xgb": 1.1877701432888417,
                "cb": 1.1824948626087635,
                "zoh": 1.340124809723456
            },
            "rytov_variance": {
                "lms": 0.07871457874774931,
                "lr": 0.06169643878936765,
                "rf": 0.07221546173095703,
                "xgb": 0.061895057678222606,
                "cb": 0.06100600868463511,
                "zoh": 0.07860709381103514,
                "input": 0.05726646262407296
            }
        },
        "50": {
            "rmse": {
                "lms": 1.4286261200203032,
                "lr": 1.3200421850387112,
                "rf": 1.3736991552447801,
                "xgb": 1.30292643338689,
                "cb": 1.2985820903824976,
                "zoh": 1.4292277646734455
            },
            "rytov_variance": {
                "lms": 0.09017069029808046,
                "lr": 0.0755289648771286,
                "rf": 0.08705260801315307,
                "xgb": 0.07547799873352051,
                "cb": 0.07680179452896119,
                "zoh": 0.09074972403049467,
                "input": 0.057271121978759706
            }
        },
        "100": {
            "rmse": {
                "lms": 1.5839434390676095,
                "lr": 1.4938021408373992,
                "rf": 1.5433505948622297,
                "xgb": 1.4589363224854652,
                "cb": 1.4548759377999494,
                "zoh": 1.5850750350460843
            },
            "rytov_variance": {
                "lms": 0.11244309425354007,
                "lr": 0.09845871639251709,
                "rf": 0.11376475262641905,
                "xgb": 0.09679913139343263,
                "cb": 0.09578762435913085,
                "zoh": 0.11216264772415163,
                "input": 0.05674003601074212
            }
        },